/*
SQLyog Ultimate v8.55 
MySQL - 5.5.5-10.1.31-MariaDB : Database - pca2019
*********************************************************************
*/

/*!40101 SET NAMES utf8 */;

/*!40101 SET SQL_MODE=''*/;

/*!40014 SET @OLD_UNIQUE_CHECKS=@@UNIQUE_CHECKS, UNIQUE_CHECKS=0 */;
/*!40014 SET @OLD_FOREIGN_KEY_CHECKS=@@FOREIGN_KEY_CHECKS, FOREIGN_KEY_CHECKS=0 */;
/*!40101 SET @OLD_SQL_MODE=@@SQL_MODE, SQL_MODE='NO_AUTO_VALUE_ON_ZERO' */;
/*!40111 SET @OLD_SQL_NOTES=@@SQL_NOTES, SQL_NOTES=0 */;
CREATE DATABASE /*!32312 IF NOT EXISTS*/`pca2019` /*!40100 DEFAULT CHARACTER SET latin1 */;

USE `pca2019`;

/*Table structure for table `asrama` */

DROP TABLE IF EXISTS `asrama`;

CREATE TABLE `asrama` (
  `id` int(11) NOT NULL AUTO_INCREMENT,
  `nama` char(50) DEFAULT NULL,
  `jk` char(10) DEFAULT NULL,
  PRIMARY KEY (`id`)
) ENGINE=InnoDB AUTO_INCREMENT=4 DEFAULT CHARSET=latin1;

/*Data for the table `asrama` */

insert  into `asrama`(`id`,`nama`,`jk`) values (1,'PNIEL','aspa'),(2,'KAPERNAUM','aspi'),(3,'SILO','aspi');

/*Table structure for table `kamar` */

DROP TABLE IF EXISTS `kamar`;

CREATE TABLE `kamar` (
  `id` int(11) NOT NULL AUTO_INCREMENT,
  `nama` char(50) DEFAULT NULL,
  `lantai` float DEFAULT NULL,
  `anggota` int(11) DEFAULT '0',
  `maks` int(11) DEFAULT '4',
  `asrama_id` int(11) DEFAULT NULL,
  PRIMARY KEY (`id`),
  KEY `FK_kamar` (`asrama_id`),
  CONSTRAINT `FK_kamar` FOREIGN KEY (`asrama_id`) REFERENCES `asrama` (`id`)
) ENGINE=InnoDB AUTO_INCREMENT=116 DEFAULT CHARSET=latin1;

/*Data for the table `kamar` */

insert  into `kamar`(`id`,`nama`,`lantai`,`anggota`,`maks`,`asrama_id`) values (23,'1',1,3,4,1),(24,'2',1,0,4,1),(25,'3',1,0,4,1),(26,'4',1,0,4,1),(27,'5',1,0,4,1),(28,'6',1,0,4,1),(29,'7',1.5,0,4,1),(30,'8',1.5,0,4,1),(31,'9',1.5,0,4,1),(32,'10',1.5,0,4,1),(33,'11',1.5,0,4,1),(34,'12',1.5,0,4,1),(35,'13',2.5,0,4,1),(36,'14',2.5,0,4,1),(37,'15',2.5,0,4,1),(38,'16',2.5,0,4,1),(39,'17',2.5,0,4,1),(40,'18',2.5,0,4,1),(41,'19',2.5,0,4,1),(42,'20',2.5,0,4,1),(43,'21',2.5,0,4,1),(44,'22',2.5,0,4,1),(45,'23',2.5,0,4,1),(46,'24',2.5,0,4,1),(47,'25',2,0,4,1),(48,'26',2,0,4,1),(49,'27',2,0,4,1),(50,'28',2,0,4,1),(51,'29',2,0,4,1),(52,'30',2,0,4,1),(53,'31',2,0,4,1),(54,'32',2,0,4,1),(55,'33',2,0,4,1),(56,'34',2,0,4,1),(57,'35',2,0,4,1),(58,'36',2,0,4,1),(59,'37',3,0,4,1),(60,'38',3,0,4,1),(61,'39',3,0,4,1),(62,'40',3,0,4,1),(63,'41',3,0,4,1),(64,'42',3,0,4,1),(65,'43',3,0,4,1),(66,'44',3,0,4,1),(67,'45',3,0,4,1),(68,'46',3,0,4,1),(69,'47',3,0,4,1),(70,'48',3,0,4,1),(71,'Staff 4',2,0,4,1),(72,'Staff 7',2,0,4,1),(73,'1',1,0,6,3),(74,'2',1,0,6,3),(75,'3',1,0,6,3),(76,'4',1,0,6,3),(77,'5',1,0,6,3),(78,'6',1,0,6,3),(79,'7',1,0,6,3),(80,'8',1,0,6,3),(81,'9',1,0,6,3),(82,'10',1,0,6,3),(83,'11',1,0,6,3),(84,'12',1,0,6,3),(85,'13',2,0,6,3),(86,'14',2,0,6,3),(87,'15',2,0,6,3),(88,'16',2,0,6,3),(89,'17',2,0,6,3),(90,'19',2,0,6,3),(91,'20',2,0,6,3),(92,'22',2,0,6,3),(93,'1',NULL,0,6,2),(94,'2',NULL,0,6,2),(95,'3',NULL,0,6,2),(96,'4',NULL,0,6,2),(97,'5',NULL,0,6,2),(98,'6',NULL,0,6,2),(99,'7',NULL,0,6,2),(100,'8',NULL,0,6,2),(101,'9',NULL,0,6,2),(102,'10',NULL,0,6,2),(103,'12',NULL,0,6,2),(104,'13',NULL,0,6,2),(105,'14',NULL,0,6,2),(106,'15',NULL,0,6,2),(107,'16',NULL,0,6,2),(108,'17',NULL,0,6,2),(109,'18',NULL,0,6,2),(115,'11',NULL,0,6,2);

/*Table structure for table `mahasiswa` */

DROP TABLE IF EXISTS `mahasiswa`;

CREATE TABLE `mahasiswa` (
  `id` int(11) NOT NULL AUTO_INCREMENT,
  `jalur` varchar(765) DEFAULT NULL,
  `nim` varchar(765) DEFAULT NULL,
  `nama` varchar(765) DEFAULT NULL,
  `prodi` varchar(765) DEFAULT NULL,
  `asalsekolah` varchar(765) DEFAULT NULL,
  `jeniskelamin` varchar(765) DEFAULT NULL,
  `status_kedatangan` int(1) DEFAULT '0',
  `status_barang` int(1) DEFAULT '0',
  `kamar_id` int(11) DEFAULT NULL,
  `updated_at` timestamp NULL DEFAULT NULL,
  PRIMARY KEY (`id`),
  KEY `FK_mahasiswa` (`kamar_id`),
  CONSTRAINT `FK_mahasiswa` FOREIGN KEY (`kamar_id`) REFERENCES `kamar` (`id`)
) ENGINE=InnoDB AUTO_INCREMENT=401 DEFAULT CHARSET=latin1;

/*Data for the table `mahasiswa` */

insert  into `mahasiswa`(`id`,`jalur`,`nim`,`nama`,`prodi`,`asalsekolah`,`jeniskelamin`,`status_kedatangan`,`status_barang`,`kamar_id`,`updated_at`) values (1,'PMDK','PMDK19010023','Henny Flora Panjaitan','DIII Teknik Informatika','SMA Negeri 1 Tarutung','Perempuan',0,0,NULL,'2019-08-13 13:13:19'),(2,'PMDK','PMDK19010024','Ester Saulina Hutabarat','DIII Teknik Informatika','SMA Negeri 1 Tarutung','Perempuan',0,0,NULL,'2019-08-13 13:13:23'),(3,'PMDK','PMDK19010025','Poibe Leny Naomi','DIII Teknik Informatika','SMA Negeri 1 Tarutung','Perempuan',0,0,NULL,'2019-08-13 13:13:31'),(4,'PMDK','PMDK19010036','Evan Richardo Sianipar','DIII Teknik Informatika','SMKS 3 Parbina Nusantara','Laki-laki',1,9,23,'2019-08-13 14:16:50'),(5,'PMDK','PMDK19010058','Andre Yohanes Jaya Siregar','DIII Teknik Informatika','SMA Negeri 1 Silaen','Laki-laki',1,0,23,'2019-08-13 10:48:41'),(6,'PMDK','PMDK19010151','Priskilla Apriliana Nababan','DIII Teknik Informatika','SMA Negeri 1 Balige','Perempuan',0,0,NULL,NULL),(7,'PMDK','PMDK19010157','Sharon C Siahaan','DIII Teknik Informatika','SMA Negeri 1 Balige','Laki-laki',1,0,23,NULL),(8,'PMDK','PMDK19010161','Daud Manurung','DIII Teknik Informatika','SMA Negeri 1 Uluan','Laki-laki',1,0,23,NULL),(9,'PMDK','PMDK19010210','Alex Sander Hutapea','DIII Teknik Informatika','SMA Negeri 1 Tarutung','Laki-laki',1,0,24,NULL),(10,'PMDK','PMDK19010231','Jennyfer Christine Sitorus','DIII Teknik Informatika','SMA Negeri 1 Siantar Narumonda','Perempuan',0,0,NULL,NULL),(11,'PMDK','PMDK19010239','Asido Agripo Panjaitan','DIII Teknik Informatika','SMA Negeri 1 Siantar Narumonda','Laki-laki',0,0,NULL,NULL),(12,'PMDK','PMDK19010243','Diah Yohanna Mentari Sirait','DIII Teknik Informatika','SMA Negeri 1 Siantar Narumonda','Perempuan',0,0,NULL,NULL),(13,'PMDK','PMDK19010247','Yolanda Manurung','DIII Teknik Informatika','SMA Negeri 1 Simanindo','Perempuan',0,0,NULL,NULL),(14,'PMDK','PMDK19010254','Feby T K Sitinjak','DIII Teknik Informatika','SMA Negeri 1 Simanindo','Perempuan',0,0,NULL,NULL),(15,'PMDK','PMDK19010280','Amelia Yusnita Sitanggang','DIII Teknik Informatika','SMA Bintang Timur Balige','Perempuan',0,0,NULL,NULL),(16,'PMDK','PMDK19010306','Ribka W N Tambunan','DIII Teknik Informatika','SMA Negeri 1 Balige','Perempuan',0,0,NULL,NULL),(17,'PMDK','PMDK19010309','Leonardo Siagian','DIII Teknik Informatika','SMA Negeri 1 Balige','Laki-laki',0,0,NULL,NULL),(18,'PMDK','PMDK19010316','Madelin Panjaitan','DIII Teknik Informatika','SMA Negeri 1 Balige','Perempuan',0,0,NULL,NULL),(19,'PMDK','PMDK19010317','Nova V Siringo-ringo','DIII Teknik Informatika','SMA Negeri 1 Balige','Perempuan',0,0,NULL,NULL),(20,'PMDK','PMDK19010318','Nasrani Meilan Sitorus','DIII Teknik Informatika','SMA Negeri 1 Balige','Perempuan',0,0,NULL,NULL),(21,'PMDK','PMDK19010323','Nursista Nainggolan','DIII Teknik Informatika','SMA Negeri 1 Siborongborong','Perempuan',0,0,NULL,NULL),(22,'PMDK','PMDK19010020','Irwan Rivandy Siagian','DIII Teknik Komputer','SMA Negeri 1 Tarutung','Laki-laki',0,0,NULL,NULL),(23,'PMDK','PMDK19010083','Arta Hutapea','DIII Teknik Komputer','SMK Negeri 1 Lumbanjulu','Perempuan',0,0,NULL,NULL),(24,'PMDK','PMDK19010148','Leonardo Saragih','DIII Teknik Komputer','SMA Negeri 1 Balige','Laki-laki',0,0,NULL,NULL),(25,'PMDK','PMDK19010209','Roma Asi Simamora','DIII Teknik Komputer','SMA Negeri 1 Pollung','Perempuan',0,0,NULL,NULL),(26,'PMDK','PMDK19010249','Rivaldo Silalahi','DIII Teknik Komputer','SMA Negeri 1 Simanindo','Laki-laki',0,0,NULL,NULL),(27,'PMDK','PMDK19010284','Sotar Dodo','DIII Teknik Komputer','SMK Negeri 1 Balige','Laki-laki',0,0,NULL,NULL),(28,'PMDK','PMDK19010287','Daniel Desman Parasian Simanguncong','DIII Teknik Komputer','SMK Negeri 1 Balige','Laki-laki',0,0,NULL,NULL),(29,'PMDK','PMDK19010325','Ruth Angel Norisma Pasaribu','DIII Teknik Komputer','SMA Negeri 1 Siborongborong','Perempuan',0,0,NULL,NULL),(30,'PMDK','PMDK19010016','Berliana Laurenza Br Simamora','DIV Teknik Informatika','SMA Negeri 1 Tarutung','Perempuan',0,0,NULL,NULL),(31,'PMDK','PMDK19010039','Darwin Sibarani','DIV Teknik Informatika','SMA Bintang Timur Balige','Laki-laki',0,0,NULL,NULL),(32,'PMDK','PMDK19010045','Lilis Marito Pardosi','DIV Teknik Informatika','SMA Bintang Timur Balige','Perempuan',0,0,NULL,NULL),(33,'PMDK','PMDK19010046','Nazir Manahan Manurung','DIV Teknik Informatika','SMA Bintang Timur Balige','Laki-laki',0,0,NULL,NULL),(34,'PMDK','PMDK19010048','Yohana Sihombing','DIV Teknik Informatika','SMA Bintang Timur Balige','Perempuan',0,0,NULL,NULL),(35,'PMDK','PMDK19010051','Ivanowsky Fernandes Habeahan','DIV Teknik Informatika','SMA Bintang Timur Balige','Laki-laki',0,0,NULL,NULL),(36,'PMDK','PMDK19010059','Bastian Aruan','DIV Teknik Informatika','SMA Negeri 1 Silaen','Laki-laki',0,0,NULL,NULL),(37,'PMDK','PMDK19010064','Edwin Gratia Hutagalung','DIV Teknik Informatika','SMA Negeri 1 Silaen','Laki-laki',0,0,NULL,NULL),(38,'PMDK','PMDK19010077','Santo Lamsar Harianja','DIV Teknik Informatika','SMA Negeri 1 Silaen','Laki-laki',0,0,NULL,NULL),(39,'PMDK','PMDK19010153','Sarah Omega Yulie Simorangkir','DIV Teknik Informatika','SMA Negeri 1 Balige','Perempuan',0,0,NULL,NULL),(40,'PMDK','PMDK19010165','Daniel Alex Candra Simamora','DIV Teknik Informatika','SMA Negeri 1 Uluan','Laki-laki',0,0,NULL,NULL),(41,'PMDK','PMDK19010181','Riris Lasmarito Malau','DIV Teknik Informatika','SMA Negeri 1 Girsang Sipanganbolon Parapat','Perempuan',0,0,NULL,NULL),(42,'PMDK','PMDK19010211','Sahat Parulian Hutauruk','DIV Teknik Informatika','SMA Negeri 1 Tarutung','Laki-laki',0,0,NULL,NULL),(43,'PMDK','PMDK19010217','Josua Gladson Justin Simbolon','DIV Teknik Informatika','SMA Negeri 1 Dolok Sanggul','Laki-laki',0,0,NULL,NULL),(44,'PMDK','PMDK19010253','Evelin Sinurat','DIV Teknik Informatika','SMA Negeri 1 Simanindo','Perempuan',0,0,NULL,NULL),(45,'PMDK','PMDK19010256','Okta Yola Bakkara','DIV Teknik Informatika','SMA Negeri 1 Simanindo','Perempuan',0,0,NULL,NULL),(46,'PMDK','PMDK19010257','Hilman Sijabat','DIV Teknik Informatika','SMA Negeri 1 Simanindo','Laki-laki',0,0,NULL,NULL),(47,'PMDK','PMDK19010259','Naldo Tua Samosir','DIV Teknik Informatika','SMA Negeri 1 Simanindo','Laki-laki',0,0,NULL,NULL),(48,'PMDK','PMDK19010261','Irvandi Pransena Hutapea','DIV Teknik Informatika','SMA Negeri 1 Simanindo','Laki-laki',0,0,NULL,NULL),(49,'PMDK','PMDK19010264','Arijona Purba','DIV Teknik Informatika','SMA SWASTA ASSISI','Laki-laki',0,0,NULL,NULL),(50,'PMDK','PMDK19010271','Sarah Susanty Olyvia Tampubolon','DIV Teknik Informatika','SMA Negeri 2 Balige','Perempuan',0,0,NULL,NULL),(51,'PMDK','PMDK19010275','Meyliza Veronica Br Siregar','DIV Teknik Informatika','SMA Negeri 2 Balige','Perempuan',0,0,NULL,NULL),(52,'PMDK','PMDK19010276','Kevin Tambunan','DIV Teknik Informatika','SMA Negeri 2 Balige','Laki-laki',0,0,NULL,NULL),(53,'PMDK','PMDK19010279','Fretty L M Silalahi','DIV Teknik Informatika','SMA Negeri 2 Balige','Perempuan',0,0,NULL,NULL),(54,'PMDK','PMDK19010293','Tantri Harianti Silaen','DIV Teknik Informatika','SMA Negeri 1 Habinsaran','Perempuan',0,0,NULL,NULL),(55,'PMDK','PMDK19010297','Mei Pane','DIV Teknik Informatika','SMA Negeri 1 Habinsaran','Perempuan',0,0,NULL,NULL),(56,'PMDK','PMDK19010299','Thumphak Adhitio Aritonang','DIV Teknik Informatika','SMA Negeri 1 Habinsaran','Laki-laki',0,0,NULL,NULL),(57,'PMDK','PMDK19010302','Timothy J F Henan','DIV Teknik Informatika','SMA Negeri 1 Balige','Laki-laki',0,0,NULL,NULL),(58,'PMDK','PMDK19010303','Suryanto Ray S Panjaitan','DIV Teknik Informatika','SMA Negeri 1 Balige','Laki-laki',0,0,NULL,NULL),(59,'PMDK','PMDK19010319','Revi Angeli Siahaan','DIV Teknik Informatika','SMA Negeri 1 Balige','Perempuan',0,0,NULL,NULL),(60,'PMDK','PMDK19010038','Bintang Lumban Raja','S1 Teknik Informatika','SMA Bintang Timur Balige','Laki-laki',0,0,NULL,NULL),(61,'PMDK','PMDK19010040','Deiva Imanuela Pasaribu','S1 Teknik Informatika','SMA Bintang Timur Balige','Perempuan',0,0,NULL,NULL),(62,'PMDK','PMDK19010050','Yuan Halasan Siagian','S1 Teknik Informatika','SMA Bintang Timur Balige','Laki-laki',0,0,NULL,NULL),(63,'PMDK','PMDK19010070','Kartika Novia Hutauruk','S1 Teknik Informatika','SMA Negeri 1 Silaen','Perempuan',0,0,NULL,NULL),(64,'PMDK','PMDK19010079','Yoni Herlina Siahaan','S1 Teknik Informatika','SMA Negeri 1 Silaen','Perempuan',0,0,NULL,NULL),(65,'PMDK','PMDK19010084','Puan Maharani Sirait','S1 Teknik Informatika','SMK Negeri 1 Lumbanjulu','Perempuan',0,0,NULL,NULL),(66,'PMDK','PMDK19010158','Bungaran Martua Pakpahan','S1 Teknik Informatika','SMA Negeri 1 Balige','Laki-laki',0,0,NULL,NULL),(67,'PMDK','PMDK19010164','Hotmangasi Manurung','S1 Teknik Informatika','SMA Negeri 1 Uluan','Laki-laki',0,0,NULL,NULL),(68,'PMDK','PMDK19010166','Wybren Agung manik','S1 Teknik Informatika','SMA Negeri 2 Tarutung','Laki-laki',0,0,NULL,NULL),(69,'PMDK','PMDK19010194','Gunado Siregar','S1 Teknik Informatika','SMA Negeri 1 Muara','Laki-laki',0,0,NULL,NULL),(70,'PMDK','PMDK19010197','Fori Okto Pakpahan','S1 Teknik Informatika','SMA Negeri 1 Pangaribuan','Laki-laki',0,0,NULL,NULL),(71,'PMDK','PMDK19010199','Ferdinand Partahi Jaya Tambunan','S1 Teknik Informatika','SMA Negeri 1 Pangaribuan','Laki-laki',0,0,NULL,NULL),(72,'PMDK','PMDK19010208','Rahmad Joko Susilo Situmorang','S1 Teknik Informatika','SMA Negeri 1 Pollung','Laki-laki',0,0,NULL,NULL),(73,'PMDK','PMDK19010214','David Pebrianto Pakpahan','S1 Teknik Informatika','SMA Negeri 1 Dolok Sanggul','Laki-laki',0,0,NULL,NULL),(74,'PMDK','PMDK19010220','Hana Maria Siahaan','S1 Teknik Informatika','SMA Negeri 1 Parmaksian','Perempuan',0,0,NULL,NULL),(75,'PMDK','PMDK19010223','Esi Butarbutar','S1 Teknik Informatika','SMA Negeri 1 Parmaksian','Perempuan',0,0,NULL,NULL),(76,'PMDK','PMDK19010236','Pantun Sitorus','S1 Teknik Informatika','SMA Negeri 1 Siantar Narumonda','Laki-laki',0,0,NULL,NULL),(77,'PMDK','PMDK19010238','Talenta Maria Sihotang','S1 Teknik Informatika','SMA Negeri 1 Siantar Narumonda','Perempuan',0,0,NULL,NULL),(78,'PMDK','PMDK19010242','Yuliana Nainggolan','S1 Teknik Informatika','SMA Negeri 1 Siantar Narumonda','Perempuan',0,0,NULL,NULL),(79,'PMDK','PMDK19010244','Sriwika Rezeky Sinaga','S1 Teknik Informatika','SMA Negeri 1 Siantar Narumonda','Perempuan',0,0,NULL,NULL),(80,'PMDK','PMDK19010251','Alfrendo Stenley Silalahi','S1 Teknik Informatika','SMA Negeri 1 Simanindo','Laki-laki',0,0,NULL,NULL),(81,'PMDK','PMDK19010269','Tesalonika Siahaan','S1 Teknik Informatika','SMA Negeri 1 Laguboti','Perempuan',0,0,NULL,NULL),(82,'PMDK','PMDK19010308','Evi Rosalina Silaban','S1 Teknik Informatika','SMK Negeri 1 Siborongborong','Perempuan',0,0,NULL,NULL),(83,'PMDK','PMDK19010002','Elisabet Margaret Sirait','S1 Sistem Informasi','SMA Negeri 1 Lumban Julu','Perempuan',0,0,NULL,NULL),(84,'PMDK','PMDK19010010','Elysa Noelia Pangaribuan','S1 Sistem Informasi','SMK YAPIM BALIGE','Perempuan',0,0,NULL,NULL),(85,'PMDK','PMDK19010013','Agnes Judika Margaretha Manalu','S1 Sistem Informasi','SMA Negeri 1 Tarutung','Perempuan',0,0,NULL,NULL),(86,'PMDK','PMDK19010043','Ignatia Rosdiana Hutagalung','S1 Sistem Informasi','SMA Bintang Timur Balige','Perempuan',0,0,NULL,NULL),(87,'PMDK','PMDK19010053','Nico Julyonethree Rajagukguk','S1 Sistem Informasi','SMA Bintang Timur Balige','Laki-laki',0,0,NULL,NULL),(88,'PMDK','PMDK19010057','Agustina Hasibuan','S1 Sistem Informasi','SMA Negeri 1 Silaen','Perempuan',0,0,NULL,NULL),(89,'PMDK','PMDK19010063','Dian Filia Matondang','S1 Sistem Informasi','SMA Negeri 1 Silaen','Perempuan',0,0,NULL,NULL),(90,'PMDK','PMDK19010066','Fitri Putri Sitorus','S1 Sistem Informasi','SMA Negeri 1 Silaen','Perempuan',0,0,NULL,NULL),(91,'PMDK','PMDK19010082','Corri Hutahaean','S1 Sistem Informasi','SMK Negeri 1 Lumbanjulu','Perempuan',0,0,NULL,NULL),(92,'PMDK','PMDK19010149','Jeremia Nico Pratama Ambarita','S1 Sistem Informasi','SMA Negeri 1 Balige','Laki-laki',0,0,NULL,NULL),(93,'PMDK','PMDK19010189','Sri Ningsih Ompusunggu','S1 Sistem Informasi','SMA Negeri 2 Siborongborong','Perempuan',0,0,NULL,NULL),(94,'PMDK','PMDK19010198','Regita','S1 Sistem Informasi','SMA Negeri 1 Pangaribuan','Perempuan',0,0,NULL,NULL),(95,'PMDK','PMDK19010212','Agnes Sagita Lumbantobing','S1 Sistem Informasi','SMA Negeri 1 Dolok Sanggul','Perempuan',0,0,NULL,NULL),(96,'PMDK','PMDK19010230','Irfan Jumadin Siregar','S1 Sistem Informasi','SMA Negeri 1 Siantar Narumonda','Laki-laki',0,0,NULL,NULL),(97,'PMDK','PMDK19010241','Yemima Febe Yanti Marpaung','S1 Sistem Informasi','SMA Negeri 1 Siantar Narumonda','Perempuan',0,0,NULL,NULL),(98,'PMDK','PMDK19010272','Kartika Lidya Rotua Sianipar','S1 Sistem Informasi','SMA Negeri 2 Balige','Perempuan',0,0,NULL,NULL),(99,'PMDK','PMDK19010290','Muliani G S Simanjuntak','S1 Sistem Informasi','SMA Negeri 1 Habinsaran','Perempuan',0,0,NULL,NULL),(100,'PMDK','PMDK19010291','Waldemar Victoryno Simamora','S1 Sistem Informasi','SMA Negeri 1 Habinsaran','Laki-laki',0,0,NULL,NULL),(101,'PMDK','PMDK19010320','Manuel Siganlingging','S1 Sistem Informasi','SMA Negeri 1 Balige','Laki-laki',0,0,NULL,NULL),(102,'PMDK','PMDK19010324','Mariana Br Anturi','S1 Sistem Informasi','SMA Negeri 1 Siborongborong','Perempuan',0,0,NULL,NULL),(103,'PMDK','PMDK19010037','Andreas Stephan Simanjuntak','S1 Teknik Elektro','SMA Bintang Timur Balige','Laki-laki',0,0,NULL,NULL),(104,'PMDK','PMDK19010041','Dimpu PJ Sihombing','S1 Teknik Elektro','SMA Bintang Timur Balige','Laki-laki',0,0,NULL,NULL),(105,'PMDK','PMDK19010044','Josua Halomoan Siahaan','S1 Teknik Elektro','SMA Bintang Timur Balige','Laki-laki',0,0,NULL,NULL),(106,'PMDK','PMDK19010049','Frans Wesly Sagala','S1 Teknik Elektro','SMA Bintang Timur Balige','Laki-laki',0,0,NULL,NULL),(107,'PMDK','PMDK19010052','Julifer Mauliate Siahaan','S1 Teknik Elektro','SMA Bintang Timur Balige','Laki-laki',0,0,NULL,NULL),(108,'PMDK','PMDK19010056','Yohn Fhayer J Siregar','S1 Teknik Elektro','SMA Bintang Timur Balige','Laki-laki',0,0,NULL,NULL),(109,'PMDK','PMDK19010162','Herlanto Exaudi Sitompul','S1 Teknik Elektro','SMA Negeri 1 Uluan','Laki-laki',0,0,NULL,NULL),(110,'PMDK','PMDK19010179','Sari Desi Rahayuni','S1 Teknik Elektro','SMA Negeri 1 Girsang Sipanganbolon Parapat','Perempuan',0,0,NULL,NULL),(111,'PMDK','PMDK19010200','Beltrand Yordan Simangunsong','S1 Teknik Elektro','SMA Negeri 1 Pangaribuan','Laki-laki',0,0,NULL,NULL),(112,'PMDK','PMDK19010213','Caroline Yosefa Siahaan','S1 Teknik Elektro','SMA Negeri 1 Dolok Sanggul','Perempuan',0,0,NULL,NULL),(113,'PMDK','PMDK19010221','Ruslina Rosyana Sitorus','S1 Teknik Elektro','SMA N 1 Parmaksian','Perempuan',0,0,NULL,NULL),(114,'PMDK','PMDK19010252','Raja Agung Sidabutar','S1 Teknik Elektro','SMA Negeri 1 Simanindo','Laki-laki',0,0,NULL,NULL),(115,'PMDK','PMDK19010267','Yoseph Argatama Manalu','S1 Teknik Elektro','SMA SWASTA RK SANTA MARIA PAKKAT','Laki-laki',0,0,NULL,NULL),(116,'PMDK','PMDK19010268','Nico Velix Sinambela','S1 Teknik Elektro','SMA Negeri 1 Baktiraja','Laki-laki',0,0,NULL,NULL),(117,'PMDK','PMDK19010283','Noel Riki Apryanto','S1 Teknik Elektro','SMK Negeri 1 Balige','Laki-laki',0,0,NULL,NULL),(118,'PMDK','PMDK19010304','Romanna Ulina Pardede','S1 Teknik Elektro','SMA Negeri 1 Balige','Perempuan',0,0,NULL,NULL),(119,'PMDK','PMDK19010311','Andrian Butar-butar','S1 Teknik Elektro','SMA N 1 Pintu Pohan Meranti','Laki-laki',0,0,NULL,NULL),(120,'PMDK','PMDK19010003','Maria Natasya Manurung','S1 Manajemen Rekayasa','SMA Negeri 1 Lumban Julu','Perempuan',0,0,NULL,NULL),(121,'PMDK','PMDK19010006','Otto Dirclinton Manalu','S1 Manajemen Rekayasa','SMA Santa Maria Tarutung','Laki-laki',0,0,NULL,NULL),(122,'PMDK','PMDK19010042','Fadly Riscky Sirait','S1 Manajemen Rekayasa','SMA Bintang Timur Balige','Laki-laki',0,0,NULL,NULL),(123,'PMDK','PMDK19010054','Pangeran Sean Indra','S1 Manajemen Rekayasa','SMA Bintang Timur Balige','Laki-laki',0,0,NULL,NULL),(124,'PMDK','PMDK19010055','Roy Johannes Rajagukguk','S1 Manajemen Rekayasa','SMA Bintang Timur Balige','Laki-laki',0,0,NULL,NULL),(125,'PMDK','PMDK19010061','Delvi Suryaningsih','S1 Manajemen Rekayasa','SMA Negeri 1 Silaen','Perempuan',0,0,NULL,NULL),(126,'PMDK','PMDK19010150','Nita Aninda Sitorus','S1 Manajemen Rekayasa','SMA Negeri 1 Balige','Perempuan',0,0,NULL,NULL),(127,'PMDK','PMDK19010167','Dimas Ruben Sianturi','S1 Manajemen Rekayasa','SMA Negeri 2 Tarutung','Laki-laki',0,0,NULL,NULL),(128,'PMDK','PMDK19010192','Merina Krisdayanti Silaban','S1 Manajemen Rekayasa','SMA Negeri 2 Siborongborong','Perempuan',0,0,NULL,NULL),(129,'PMDK','PMDK19010196','Enzelina Rajagukguk','S1 Manajemen Rekayasa','SMA Negeri 1 Muara','Perempuan',0,0,NULL,NULL),(130,'PMDK','PMDK19010216','Isak Mauliate Simanullang','S1 Manajemen Rekayasa','SMA Negeri 1 Dolok Sanggul','Laki-laki',0,0,NULL,NULL),(131,'PMDK','PMDK19010218','Mega Maharani Putri Florawati Pasaribu','S1 Manajemen Rekayasa','SMA Negeri 1 Dolok Sanggul','Perempuan',0,0,NULL,NULL),(132,'PMDK','PMDK19010226','Deasy Nataline Sitorus','S1 Manajemen Rekayasa','SMA Negeri 1 Siantar Narumonda','Perempuan',0,0,NULL,NULL),(133,'PMDK','PMDK19010228','Futry Rejeky Sitinjak','S1 Manajemen Rekayasa','SMA Negeri 1 Siantar Narumonda','Perempuan',0,0,NULL,NULL),(134,'PMDK','PMDK19010229','Indah Adriyani Sitorus','S1 Manajemen Rekayasa','SMA Negeri 1 Siantar Narumonda','Perempuan',0,0,NULL,NULL),(135,'PMDK','PMDK19010232','Krisna Yolanda Magdalena Sinaga','S1 Manajemen Rekayasa','SMA Negeri 1 Siantar Narumonda','Perempuan',0,0,NULL,NULL),(136,'PMDK','PMDK19010233','Kristina Margaretha Napitupulu','S1 Manajemen Rekayasa','SMA Negeri 1 Siantar Narumonda','Perempuan',0,0,NULL,NULL),(137,'PMDK','PMDK19010235','Naomi Tryasih LumbanBatu','S1 Manajemen Rekayasa','SMA Negeri 1 Siantar Narumonda','Perempuan',0,0,NULL,NULL),(138,'PMDK','PMDK19010237','Pretty Rohani Simamora','S1 Manajemen Rekayasa','SMA Negeri 1 Siantar Narumonda','Perempuan',0,0,NULL,NULL),(139,'PMDK','PMDK19010274','Putri Marlia Samosir','S1 Manajemen Rekayasa','SMA Negeri 2 Balige','Perempuan',0,0,NULL,NULL),(140,'PMDK','PMDK19010294','Monang Iman Sianipar','S1 Manajemen Rekayasa','SMA Negeri 1 Habinsaran','Laki-laki',0,0,NULL,NULL),(141,'PMDK','PMDK19010296','Cindy Maulina Sibarani','S1 Manajemen Rekayasa','SMA Negeri 1 Habinsaran','Perempuan',0,0,NULL,NULL),(142,'PMDK','PMDK19010301','Louwis Natanael Situmorang','S1 Manajemen Rekayasa','SMA Negeri 1 Balige','Laki-laki',0,0,NULL,NULL),(143,'PMDK','PMDK19010312','Kartini Florensya Gurning','S1 Manajemen Rekayasa','SMA N 1 Pintu Pohan Meranti','Perempuan',0,0,NULL,NULL),(144,'PMDK','PMDK19010321','Bangun J Tinambunan','S1 Manajemen Rekayasa','SMA Negeri 1 Balige','Laki-laki',0,0,NULL,NULL),(145,'PMDK','PMDK19010072','Lamtiarma Panjaitan','S1 Teknik Bioproses','SMA Negeri 1 Silaen','Perempuan',0,0,NULL,NULL),(146,'PMDK','PMDK19010145','Lastiar Elisabeth Marpaung','S1 Teknik Bioproses','SMA Negeri 1 Balige','Perempuan',0,0,NULL,NULL),(147,'PMDK','PMDK19010215','Febri Chatarina Sianipar','S1 Teknik Bioproses','SMA Negeri 1 Dolok Sanggul','Perempuan',0,0,NULL,NULL),(148,'PMDK','PMDK19010295','Tiarma M Silaen','S1 Teknik Bioproses','SMA Negeri 1 Habinsaran','Perempuan',0,0,NULL,NULL),(149,'USM1','USM119030021','Artha Tessalonika Pardede','DIII Teknik Informatika','Sma swasta Dharma patra Pangkalan berandan','Perempuan',0,0,NULL,NULL),(150,'USM1','USM119030097','Dany Panegratia Silaen','DIII Teknik Informatika','SMA Negeri 1 Siborongborong','Laki-laki',0,0,NULL,NULL),(151,'USM1','USM119010008','Hotma Aruan','DIII Teknik Informatika','SMA Negeri 1 Laguboti','Perempuan',0,0,NULL,NULL),(152,'USM1','USM119010093','Jonathan B Hutajulu','DIII Teknik Informatika','SMA Negeri 1 Laguboti','Laki-laki',0,0,NULL,NULL),(153,'USM1','USM119030016','Julius Martogi Hamonangan Samosir','DIII Teknik Informatika','SMA Negeri 17 Medan','Laki-laki',0,0,NULL,NULL),(154,'USM1','USM119030072','Loise Michael Lumban Raja','DIII Teknik Informatika','SMA Negeri 2 Sidikalang','Laki-laki',0,0,NULL,NULL),(155,'USM1','USM119030095','Mustika Marito Siahaan','DIII Teknik Informatika','SMA Bintang Timur Balige','Perempuan',0,0,NULL,NULL),(156,'USM1','USM119010086','Pratiwi Sibarani','DIII Teknik Informatika','SMA Negeri 1 Laguboti','Perempuan',0,0,NULL,NULL),(157,'USM1','USM119010054','Rahul Stepen Sinaga','DIII Teknik Informatika','SMA Negeri 1 Siantar Narumonda','Laki-laki',0,0,NULL,NULL),(158,'USM1','USM119030014','Romauli Sianipar','DIII Teknik Informatika','SMA Negeri 1 Pematang Siantar','Perempuan',0,0,NULL,NULL),(159,'USM1','USM119010104','Yedija Epipania M S','DIII Teknik Informatika','SMA Swasta Bintang Timur 1 Balige','Perempuan',0,0,NULL,NULL),(160,'USM1','USM119010053','Bien O Simatupang','DIII Teknik Komputer','SMA Negeri 1 Siantar Narumonda','Laki-laki',0,0,NULL,NULL),(161,'USM1','USM119030146','Diantry A.S Pandiangan','DIII Teknik Komputer','SMA Negeri 1 Tarutung','Perempuan',0,0,NULL,NULL),(162,'USM1','USM119030064','Eduward Simatupang','DIII Teknik Komputer','SMAN 17 MEDAN','Laki-laki',0,0,NULL,NULL),(163,'USM1','USM119020024','Jeremia Agung Panjaitan','DIII Teknik Komputer','SMA Negeri 12 Medan','Laki-laki',0,0,NULL,NULL),(164,'USM1','USM119030087','Rolando Artha Napitupulu','DIII Teknik Komputer','SMA Negeri 1 Siborongborong','Laki-laki',0,0,NULL,NULL),(165,'USM1','USM119010047','Anjelina Sihombing','DIV Teknik Informatika','SMA Swasta Bintang Timur 1 Balige','Perempuan',0,0,NULL,NULL),(166,'USM1','USM119010049','Ares J M Pardosi','DIV Teknik Informatika','SMA Swasta Bintang Timur 1 Balige','Perempuan',0,0,NULL,NULL),(167,'USM1','USM119010101','Denny Abraham Sinaga','DIV Teknik Informatika','SMA Negeri 1 Siantar Narumonda','Laki-laki',0,0,NULL,NULL),(168,'USM1','USM119030015','Edwin Immanuel Damanik','DIV Teknik Informatika','SMA Negeri 2 Pematang Siantar','Laki-laki',0,0,NULL,NULL),(169,'USM1','USM119010035','Evan Hutagaol','DIV Teknik Informatika','SMA Negeri 1 Balige','Laki-laki',0,0,NULL,NULL),(170,'USM1','USM119010069','Febryanti Melati','DIV Teknik Informatika','SMA Negeri 1 Laguboti','Perempuan',0,0,NULL,NULL),(171,'USM1','USM119010076','Radema Panjaitan','DIV Teknik Informatika','SMA Negeri 2 Balige','Laki-laki',0,0,NULL,NULL),(172,'USM1','USM119030093','Lastri Rohani Nababan','DIV Teknik Informatika','SMA Bintang Timur Balige','Perempuan',0,0,NULL,NULL),(173,'USM1','USM119020012','Malino Win Crisnando Sihotang','DIV Teknik Informatika','SMA Negeri 5 Medan','Laki-laki',0,0,NULL,NULL),(174,'USM1','USM119030108','Mikhael Hutapea','DIV Teknik Informatika','SMA Negeri 1 Siborongborong','Laki-laki',0,0,NULL,NULL),(175,'USM1','USM119030101','Yonatan Andreas Parsaoran LbTobing','DIV Teknik Informatika','SMA SWASTA BRIGJEND KATAMSO 1','Laki-laki',0,0,NULL,NULL),(176,'USM1','USM119010050','Angelina M Napitupulu','S1 Manajemen Rekayasa','SMA Swasta Bintang Timur 1 Balige','Perempuan',0,0,NULL,NULL),(177,'USM1','USM119020015','Chindi May Pasaribu','S1 Manajemen Rekayasa','SMA Negeri 1 Tarutung','Perempuan',0,0,NULL,NULL),(178,'USM1','USM119030044','Elisa Harianja','S1 Manajemen Rekayasa','SMA NEGERI 6 BINJAI','Perempuan',0,0,NULL,NULL),(179,'USM1','USM119010048','Jusmita Tampubolon','S1 Manajemen Rekayasa','SMA Swasta Bintang Timur 1 Balige','Perempuan',0,0,NULL,NULL),(180,'USM1','USM119010024','Putri Sibuea','S1 Manajemen Rekayasa','SMA Negeri 1 Laguboti','Perempuan',0,0,NULL,NULL),(181,'USM1','USM119010025','Winda Nainggolan','S1 Manajemen Rekayasa','SMA Negeri 1 Laguboti','Perempuan',0,0,NULL,NULL),(182,'USM1','USM119010007','Anju Ucok Lubis','S1 Sistem Informasi','SMA Swasta Bintang Timur 1 Balige','Laki-laki',0,0,NULL,NULL),(183,'USM1','USM119010068','Dwita Sihombing','S1 Sistem Informasi','SMA Negeri 1 Laguboti','Perempuan',0,0,NULL,NULL),(184,'USM1','USM119020032','Edi Fisher Yohanes','S1 Sistem Informasi','SMA Swasta Katolik Tri Sakti Medan','Laki-laki',0,0,NULL,NULL),(185,'USM1','USM119010020','Gabriel Fritz Samosir','S1 Sistem Informasi','SMA Swasta Bintang Timur 1 Balige','Laki-laki',0,0,NULL,NULL),(186,'USM1','USM119010088','Gilbert E M Hutajulu','S1 Sistem Informasi','SMA Negeri 1 Laguboti','Laki-laki',0,0,NULL,NULL),(187,'USM1','USM119030098','Imelda Sarah Dwiva Siregar','S1 Sistem Informasi','SMA Negeri 1 Siborongborong','Perempuan',0,0,NULL,NULL),(188,'USM1','USM119020002','Jaime Christ Bonar Sirait','S1 Sistem Informasi','SMA Negeri 1 Tanjung Morawa','Laki-laki',0,0,NULL,NULL),(189,'USM1','USM119030110','Marhta Delima Kristiani Batubara','S1 Sistem Informasi','SMA Negeri 1 Tarutung','Perempuan',0,0,NULL,NULL),(190,'USM1','USM119030140','Petrus Aquanur Sinaga','S1 Sistem Informasi','SMA Negeri 1 Sidikalang','Laki-laki',0,0,NULL,NULL),(191,'USM1','USM119030074','Putri Anyelir Br Tobing','S1 Sistem Informasi','SMA Negeri 1 Tarutung','Perempuan',0,0,NULL,NULL),(192,'USM1','USM119010043','Putri Yohana Rajagukguk','S1 Sistem Informasi','SMA Swasta Bintang Timur 1 Balige','Perempuan',0,0,NULL,NULL),(193,'USM1','USM119030068','Rointan Y.E. Simamora','S1 Sistem Informasi','SMA Negeri 1 Lintongnihuta','Perempuan',0,0,NULL,NULL),(194,'USM1','USM119020037','Yosua Parasian Batubara','S1 Sistem Informasi','SMA Swasta Kalam Kudus Medan','Laki-laki',0,0,NULL,NULL),(195,'USM1','USM119010111','Eduardo','S1 Teknik Bioproses','SMA K Yos Sudarso Batam','Laki-laki',0,0,NULL,NULL),(196,'USM1','USM119030039','Putri Elisabeth Pardosi','S1 Teknik Bioproses','SMA RK Budi Mulia Pematang Siantar','Perempuan',0,0,NULL,NULL),(197,'USM1','USM119030096','Albert Immanuel Sianipar','S1 Teknik Elektro','SMA Bintang Timur Balige','Laki-laki',0,0,NULL,NULL),(198,'USM1','USM119030141','Amos Gomgom Christinus Panjaitan','S1 Teknik Elektro','SMA Negeri 2 Balige','Laki-laki',0,0,NULL,NULL),(199,'USM1','USM119030091','Armando.S.V.Simanjuntak','S1 Teknik Elektro','SMA Bintang Timur Balige','Laki-laki',0,0,NULL,NULL),(200,'USM1','USM119030057','Citami Sinaga','S1 Teknik Elektro','SMA Negeri 17 Medan','Perempuan',0,0,NULL,NULL),(201,'USM1','USM119030069','Ester Yemima Br Bangun','S1 Teknik Elektro','SMAN 17 MEDAN','Perempuan',0,0,NULL,NULL),(202,'USM1','USM119010102','Luis D J Butar-Butar','S1 Teknik Elektro','SMA Negeri 1 Siantar Narumonda','Laki-laki',0,0,NULL,NULL),(203,'USM1','USM119030113','Nugraha Augustinus S','S1 Teknik Elektro','SMA Santa Maria Tarutung','Laki-laki',0,0,NULL,NULL),(204,'USM1','USM119030018','Verdy Torang Manurung','S1 Teknik Elektro','SMA Negeri 1 Siantar Narumonda','Laki-laki',0,0,NULL,NULL),(205,'USM1','USM119010075','Agnes Bertua Nababan','S1 Teknik Informatika','SMA Negeri 2 Balige','Perempuan',0,0,NULL,NULL),(206,'USM1','USM119030131','Albert Samuel Sormin','S1 Teknik Informatika','SMA Negeri 1 Tarutung','Laki-laki',0,0,NULL,NULL),(207,'USM1','USM119030034','Hans Mayson Pranajaya Situmeang','S1 Teknik Informatika','SMA SWASTA BRIGJEND KATAMSO 1','Laki-laki',0,0,NULL,NULL),(208,'USM1','USM119020022','Jogi Arif Guruh Sitinjak','S1 Teknik Informatika','SMA Swasta Santo Thomas 3 Medan','Laki-laki',0,0,NULL,NULL),(209,'USM1','USM119030129','Jonggi Vegas Sitorus','S1 Teknik Informatika','SMA Negeri 2 Rantau Utara','Laki-laki',0,0,NULL,NULL),(210,'USM1','USM119020001','Judah Michael Perluhutan Sitorus Pane','S1 Teknik Informatika','Perguruan Kristen Methodist Indonesia Lubuk Pakam','Laki-laki',0,0,NULL,NULL),(211,'USM1','USM119010036','Rafelli Simangunsong','S1 Teknik Informatika','SMA Negeri 1 Balige','Laki-laki',0,0,NULL,NULL),(212,'USM1','USM119010005','Rewina Pakpahan','S1 Teknik Informatika','SMA Negeri 1 Laguboti','Perempuan',0,0,NULL,NULL),(213,'USM1','USM119020027','Rio Efraim Simanjuntak','S1 Teknik Informatika','SMA Swasta Methodist 2 Medan','Laki-laki',0,0,NULL,NULL),(214,'USM1','USM119020013','Stephan Hutasoit','S1 Teknik Informatika','SMA Swasta Methodist 2 Medan','Laki-laki',0,0,NULL,NULL),(215,'USM1','USM119030137','Trivena Yuli Necia Panjaitan','S1 Teknik Informatika','SMA Negeri 2 Balige','Perempuan',0,0,NULL,NULL),(216,'USM1','USM119020003','Willem Alexander Suranta Pinem','S1 Teknik Informatika','SMA Swasta Santo Thomas 2 Medan','Laki-laki',0,0,NULL,NULL),(217,'USM1','USM119030030','Yosia Sihaloho','S1 Teknik Informatika','SMA RK Bintang Timur Pematang Siantar','Laki-laki',0,0,NULL,NULL),(218,'USM2A','USM219020008','Michael Anwar Siregar','DIII Teknik Informatika','SMA Negeri 5 Medan','Laki-laki',0,0,NULL,NULL),(219,'USM2A','USM219020036','Adinda Ramadani','DIII Teknik Informatika','SMA Negeri 13 Medan','Perempuan',0,0,NULL,NULL),(220,'USM2A','USM219030044','Gladys Cindana Asri Pardosi','DIII Teknik Informatika','SMA Swasta Budi Mulia Pematangsiantar','Perempuan',0,0,NULL,NULL),(221,'USM2A','USM219030068','Yohana E.Simanungkalit','DIII Teknik Informatika','SMA Negeri 1 Bandar','Perempuan',0,0,NULL,NULL),(222,'USM2A','USM219030195','Elfrida R.D. Tampubolon','DIII Teknik Informatika','SMA Negeri 1 Laguboti','Perempuan',0,0,NULL,NULL),(223,'USM2A','USM219030016','Hamora Hadi','DIII Teknik Komputer','SMA Negeri 1 Girsang Sipanganbolon Parapat','Laki-laki',0,0,NULL,NULL),(224,'USM2A','USM219030111','Kevin Winterlu','DIII Teknik Komputer','SMA Negeri 1 Pematangsiantar','Laki-laki',0,0,NULL,NULL),(225,'USM2A','USM219030167','Adi Boy Sitorus','DIII Teknik Komputer','SMA Negeri 1 Siantar Narumonda','Laki-laki',0,0,NULL,NULL),(226,'USM2A','USM119010071','Hotnida Siagian','DIV Teknik Informatika','SMA Negeri 1 Laguboti','Perempuan',0,0,NULL,NULL),(227,'USM2A','USM219020026','Kevin Johannes Pakpahan','DIV Teknik Informatika','SMA Negeri 5 Medan','Laki-laki',0,0,NULL,NULL),(228,'USM2A','USM219020027','Samuel Halomoan Manalu','DIV Teknik Informatika','SMA Swasta Buddhis Bodhicitta Medan','Laki-laki',0,0,NULL,NULL),(229,'USM2A','USM219030196','Maristella Sere Viona Sitanggang','DIV Teknik Informatika','SMA Negeri 1 Lubuk Pakam','Perempuan',0,0,NULL,NULL),(230,'USM2A','USM219010029','Montana Gurning','S1 Teknik Informatika','SMA Negeri 1 Laguboti','Laki-laki',0,0,NULL,NULL),(231,'USM2A','USM219020006','Darel Deonaldo Aloysius Pinem','S1 Teknik Informatika','SMA Negeri 1 Kabanjahe','Laki-laki',0,0,NULL,NULL),(232,'USM2A','USM219020028','Gabryella Apriani Sinaga','S1 Teknik Informatika','SMA Negeri 8 Medan','Perempuan',0,0,NULL,NULL),(233,'USM2A','USM219030024','Riski Yan Daniel Simanjuntak','S1 Teknik Informatika','SMA Negeri 2 Pematangsiantar','Laki-laki',0,0,NULL,NULL),(234,'USM2A','USM219030038','Theresia Mega Tiurma Rumapea','S1 Teknik Informatika','SMA Negeri 1 Bandar','Perempuan',0,0,NULL,NULL),(235,'USM2A','USM219030063','Sondang Kevin P Sihaloho','S1 Teknik Informatika','SMA Negeri 2 Semarang','Laki-laki',0,0,NULL,NULL),(236,'USM2A','USM219030066','Timothy Sipahutar','S1 Teknik Informatika','SMA Swasta Katolik Santa Maria Surabaya','Laki-laki',0,0,NULL,NULL),(237,'USM2A','USM219030071','Rivaldo Gabriel S','S1 Teknik Informatika','SMA Swasta RK Budi Mulia Pematang Siantar','Laki-laki',0,0,NULL,NULL),(238,'USM2A','USM219030133','Sarah Oktavia Br Pasaribu','S1 Teknik Informatika','SMA Santo Thomas 2 Medan','Perempuan',0,0,NULL,NULL),(239,'USM2A','USM219030143','Grace Stefani Natalia Pakpahan','S1 Teknik Informatika','SMA Swasta Methodist 2 Medan','Perempuan',0,0,NULL,NULL),(240,'USM2A','USM219030158','Sophian Kalam Nainggolan','S1 Teknik Informatika','SMA Swasta RK Budi Mulia Pematang Siantar','Laki-laki',0,0,NULL,NULL),(241,'USM2A','USM219030184','Hari Dominggo Soarest Joab Siburian','S1 Teknik Informatika','SMA Negeri 3 Tarutung','Laki-laki',0,0,NULL,NULL),(242,'USM2A','USM119030151','Nadya Patricia','S1 Sistem Informasi','SMA Swasta Kristen Penabur Kota Wisata','Perempuan',0,0,NULL,NULL),(243,'USM2A','USM219010027','Haryati Rosalina Situmorang','S1 Sistem Informasi','SMA Negeri 2 Balige','Perempuan',0,0,NULL,NULL),(244,'USM2A','USM219010041','Gabriel Indra Baringbing','S1 Sistem Informasi','SMA Negeri 1 Silaen','Laki-laki',0,0,NULL,NULL),(245,'USM2A','USM219010045','Natanael Tambun','S1 Sistem Informasi','SMA Negeri 1 Lumbanjulu','Laki-laki',0,0,NULL,NULL),(246,'USM2A','USM219020032','Rut Yana Gultom','S1 Sistem Informasi','SMA Negeri 1 Balige','Perempuan',0,0,NULL,NULL),(247,'USM2A','USM219020034','Tiar Saroha Simamora','S1 Sistem Informasi','SMA Swasta Tri Ratna Sibolga','Perempuan',0,0,NULL,NULL),(248,'USM2A','USM219030101','Samuel Christian Sitorus','S1 Sistem Informasi','SMA Swasta Methodist 1 Medan','Laki-laki',0,0,NULL,NULL),(249,'USM2A','USM219030125','Santun Angelina Pasaribu','S1 Sistem Informasi','SMA Negeri 1 Siborongborong','Perempuan',0,0,NULL,NULL),(250,'USM2A','USM219030192','San Antonio Limbong','S1 Sistem Informasi','SMA Negeri 1 Pangururan','Laki-laki',0,0,NULL,NULL),(251,'USM2A','USM219030021','Dirwanto Hezron Sirait','S1 Teknik Elektro','SMA Negeri 1 Balige','Laki-laki',0,0,NULL,NULL),(252,'USM2A','USM219030043','Jeffrey Jeverson Pasaribu','S1 Teknik Elektro','SMA Negeri 2 Pematang Siantar','Laki-laki',0,0,NULL,NULL),(253,'USM2A','USM219030050','Daniel H. P. S','S1 Teknik Elektro','SMA Negeri 3 Tarutung','Laki-laki',0,0,NULL,NULL),(254,'USM2A','USM219030075','Morel Yisrel Manatap Hutapea','S1 Teknik Elektro','SMA Negeri 2 Balige','Laki-laki',0,0,NULL,NULL),(255,'USM2A','USM219030117','Marshal Pirhotson Lumbantobing','S1 Teknik Elektro','SMA Negeri 1 Tarutung','Laki-laki',0,0,NULL,NULL),(256,'USM2A','USM219030146','Sintong Luhut Panjaitan','S1 Teknik Elektro','SMA Swasta Santo Thomas 1 Medan','Laki-laki',0,0,NULL,NULL),(257,'USM2A','USM219010006','Rohana Vivionita Sihombing','S1 Manajemen Rekayasa','SMA Negeri 1 Laguboti','Perempuan',0,0,NULL,NULL),(258,'USM2A','USM219010013','Mutiara Silitonga','S1 Manajemen Rekayasa','SMA Negeri 1 Laguboti','Perempuan',0,0,NULL,NULL),(259,'USM2A','USM219020033','Sains Horasi Damanik','S1 Manajemen Rekayasa','SMA Negeri 1 Balige','Laki-laki',0,0,NULL,NULL),(260,'USM2A','USM219030035','Theodora Theressa Sinaga','S1 Manajemen Rekayasa','SMA Swasta RK Bintang Timur Pematang Siantar','Perempuan',0,0,NULL,NULL),(261,'USM2A','USM219030107','Novita Hutabalian','S1 Manajemen Rekayasa','SMA Negeri 2 Plus Sipirok','Perempuan',0,0,NULL,NULL),(262,'USM2A','USM219030190','Iqnatius Cahyo H. Togatorop','S1 Manajemen Rekayasa','SMA Negeri 3 Tarutung','Laki-laki',0,0,NULL,NULL),(263,'USM2A','USM219020024','Liona Patricia Sijabat','S1 Teknik Bioproses','SMA Swasta Katolik Tri Sakti Medan','Perempuan',0,0,NULL,NULL),(264,'USM2A','USM219030147','Ivana S','S1 Teknik Bioproses','SMA Negeri 1 Kabanjahe','Perempuan',0,0,NULL,NULL),(265,'USM2B','USM219050015','Alfredo Calvin Manalu','DIII Teknik Informatika','SMA Negeri 2 Tanjungbalai','Laki-laki',0,0,NULL,NULL),(266,'USM2B','USM219050072','Sandy Samuel Theophani Hutagalung','DIII Teknik Informatika','SMA Santo Thomas 1 Medan','Laki-laki',0,0,NULL,NULL),(267,'USM2B','USM219050095','Artasya Natalia Simatupang','DIII Teknik Informatika','SMA BINTANG TIMUR PEMATANGSIANTAR','Perempuan',0,0,NULL,NULL),(268,'USM2B','USM219050112','Chani Leirisa Siburian','DIII Teknik Informatika','SMA Negeri 1 Laguboti','Perempuan',0,0,NULL,NULL),(269,'USM2B','USM219050121','Sonya Yanti Karunia Sipahutar','DIII Teknik Informatika','SMA Negeri 1 Tarutung','Perempuan',0,0,NULL,NULL),(270,'USM2B','USM219060009','Edwardo Maranatha Marpaung','DIII Teknik Informatika','SMA Negeri 1 Siantar Nawmondu','Laki-laki',0,0,NULL,NULL),(271,'USM2B','USM219060010','Mia Audina Gultom','DIII Teknik Informatika','SMA Negeri 1 Balige','Perempuan',0,0,NULL,NULL),(272,'USM2B','USM219070018','Pahala Picauly Sagala','DIII Teknik Informatika','SMA Negeri !7 Medan','Laki-laki',0,0,NULL,NULL),(273,'USM2B','USM219070020','Visgha Olivia Sipayung','DIII Teknik Informatika','SMA Negeri 12 Medan','Perempuan',0,0,NULL,NULL),(274,'USM2B','USM219050131','Timothy','DIV Teknik Informatika','SMAN 53 JAKARTA','Laki-laki',0,0,NULL,NULL),(275,'USM2B','USM219050138','Daniel Napitupulu','DIV Teknik Informatika','SMA Santo Thomas 1 Medan','Laki-laki',0,0,NULL,NULL),(276,'USM2B','USM219050143','Danuri Nainggolan','DIV Teknik Informatika','SMA NEGERI 2 PEMATANGSIANTAR','Laki-laki',0,0,NULL,NULL),(277,'USM2B','USM219050152','Nathan Fernando Lumban Tobing','DIV Teknik Informatika','SMA Negeri 1 Tarutung','Laki-laki',0,0,NULL,NULL),(278,'USM2B','USM219050153','Jovan Imanuel Sigalingging','DIV Teknik Informatika','SMA Negeri 1 Tarutung','Laki-laki',0,0,NULL,NULL),(279,'USM2B','USM219070026','Michael Binsar Tua Sinaga','DIV Teknik Informatika','SMA Swasta Santo Thomas 1 Medan','Laki-laki',0,0,NULL,NULL),(280,'USM2B','USM219050061','Theresia Devina Rumahorbo','DIII Teknik Komputer','SMA Negeri 3 Pematang Siantar','Perempuan',0,0,NULL,NULL),(281,'USM2B','USM219050069','Moses Prisarsta Manurung','DIII Teknik Komputer','SMAN 6 KOTA JAMBI','Laki-laki',0,0,NULL,NULL),(282,'USM2B','USM219050159','Valentino Ibrahim','DIII Teknik Komputer','SMA N 1 Lumbanjulu','Laki-laki',0,0,NULL,NULL),(283,'USM2B','USM219060014','Tiarma Elfrida Gurning','DIII Teknik Komputer','SMA Negeri 1 Laguboti','Perempuan',0,0,NULL,NULL),(284,'USM2B','USM219060021','Tata Risa Panjaitan','DIII Teknik Komputer','SMA Negeri 1 Laguboti','Perempuan',0,0,NULL,NULL),(285,'USM2B','USM219060023','Jacob Edward Ginting','DIII Teknik Komputer','SMK Swasta Yapim Balige','Laki-laki',0,0,NULL,NULL),(286,'USM2B','USM219060038','Putri Anjelia Pasaribu','DIII Teknik Komputer','SMA Negeri 1 Balige','Perempuan',0,0,NULL,NULL),(287,'USM2B','USM219070017','Frans Peter Josua Naibaho','DIII Teknik Komputer','SMA Swasta Budi Murni 1 Medan','Laki-laki',0,0,NULL,NULL),(288,'USM2B','USM219050055','Josua Gaolus Nainggolan','S1 Teknik Informatika','SMAN 1 RANTAU SELATAN','Laki-laki',0,0,NULL,NULL),(289,'USM2B','USM219050089','Renta Sri Hertati Sitorus','S1 Teknik Informatika','SMA Negeri 2 Balige','Perempuan',0,0,NULL,NULL),(290,'USM2B','USM219050099','Aryanti Verina Putri Siregar','S1 Teknik Informatika','SMA RK Budi Mulia Pematang Siantar','Perempuan',0,0,NULL,NULL),(291,'USM2B','USM219050115','Patricia Melissa Yolanda Sibarani','S1 Teknik Informatika','SMA Santo Thomas 1 Medan','Perempuan',0,0,NULL,NULL),(292,'USM2B','USM219050133','Juliant Omri Christson Nathannyahu','S1 Teknik Informatika','SMK Telkom Bandung','Laki-laki',0,0,NULL,NULL),(293,'USM2B','USM219060024','Kristina Tampubolon','S1 Teknik Informatika','SMA Negeri 1 Laguboti','Perempuan',0,0,NULL,NULL),(294,'USM2B','USM219070013','Nicholas Tio Sibarani','S1 Teknik Informatika','SMA Negeri 5 Medan','Laki-laki',0,0,NULL,NULL),(295,'USM2B','USM219070014','Jhonatan Edward Sitorus','S1 Teknik Informatika','SMA Negeri 5 Medan','Laki-laki',0,0,NULL,NULL),(296,'USM2B','USM219070022','Jayanti Samosir','S1 Teknik Informatika','SMA Swasta Santo Thomas 3 Medan','Perempuan',0,0,NULL,NULL),(297,'USM2B','USM219070024','Hanna Suryani Simarmata','S1 Teknik Informatika','SMA Santo Thomas 2 Medan','Perempuan',0,0,NULL,NULL),(298,'USM2B','USM219070031','Deny Ramadhan Pane','S1 Teknik Informatika','SMA Negeri 1 Tanjung Balai','Laki-laki',0,0,NULL,NULL),(299,'USM2B','USM219080001','Andreas Hatigoran','S1 Teknik Informatika','SMK Negeri 1 Bekasi','Laki-laki',0,0,NULL,NULL),(300,'USM2B','USM219050062','Nixon Daniel Hutahaean','S1 Sistem Informasi','SMAN 1 GUNUNG SINDUR','Laki-laki',0,0,NULL,NULL),(301,'USM2B','USM219050067','Amelia Jane Audri Lumbanraja','S1 Sistem Informasi','SMA Negeri 4 Kota Pematang Siantar','Perempuan',0,0,NULL,NULL),(302,'USM2B','USM219050071','Cintya Yossy Silvana Nainggolan','S1 Sistem Informasi','SMA BUDI MULIA PEMATANGSIANTAR','Perempuan',0,0,NULL,NULL),(303,'USM2B','USM219050073','Lucas Ronaldi Hutabarat','S1 Sistem Informasi','SMA St Thomas 2 Medan','Laki-laki',0,0,NULL,NULL),(304,'USM2B','USM219050080','Yesaya Siahaan','S1 Sistem Informasi','SMA Negeri 1 Medan','Laki-laki',0,0,NULL,NULL),(305,'USM2B','USM219050088','Kevin Anju Sona Manurung','S1 Sistem Informasi','SMA Negeri 1 Binjai','Laki-laki',0,0,NULL,NULL),(306,'USM2B','USM219050139','Annessa Aprilly Tambunan','S1 Sistem Informasi','SMA Negeri 3 Banjarbaru','Perempuan',0,0,NULL,NULL),(307,'USM2B','USM219070002','Yeremia Tiopan Pandapotan Purba','S1 Sistem Informasi','SMA Negeri 12 Medan','Laki-laki',0,0,NULL,NULL),(308,'USM2B','USM219050096','Kenny Octavianus Usben Sibarani','S1 Teknik Elektro','SMA Negeri 12 Medan','Laki-laki',0,0,NULL,NULL),(309,'USM2B','USM219050134','Josep Juniansen Nababan','S1 Teknik Elektro','SMA Negeri 3 Rantau Utara','Laki-laki',0,0,NULL,NULL),(310,'USM2B','USM219070009','Dedy Indratmo S','S1 Teknik Elektro','SMA Swasta Santo Thomas 1 Medan','Laki-laki',0,0,NULL,NULL),(311,'USM2B','USM219050065','Juli Elisabet Gurning','S1 Manajemen Rekayasa','SMA Negeri 4 Kota Pematang Siantar','Perempuan',0,0,NULL,NULL),(312,'USM2B','USM219050104','Asri Siahaan','S1 Manajemen Rekayasa','SMA NEGERI 1 TARUTUNG','Perempuan',0,0,NULL,NULL),(313,'USM2B','USM219050150','Abednego Siahaan','S1 Manajemen Rekayasa','SMA Santo Thomas 1 Medan','Laki-laki',0,0,NULL,NULL),(314,'USM2B','USM219060015','Febrina Lindawaty Sibarani','S1 Manajemen Rekayasa','SMA Negeri 2 Balige','Perempuan',0,0,NULL,NULL),(315,'USM2B','USM219060022','Amos Evander Tambunan','S1 Manajemen Rekayasa','SMA Negeri 1 Lumban Julu','Laki-laki',0,0,NULL,NULL),(316,'USM2B','USM219070011','Anggi Retta Natalia Panjaitan','S1 Manajemen Rekayasa','SMA Negeri 5 Medan','Perempuan',0,0,NULL,NULL),(317,'USM2B','USM219070028','Daniel Togi Pardamean Simanjuntak','S1 Manajemen Rekayasa','SMA Swasta Santo Thomas 1 Medan','Laki-laki',0,0,NULL,NULL),(318,'USM2B','USM219050036','Friscilia Noviana','S1 Teknik Bioproses','SMA Kristen Yahya','Perempuan',0,0,NULL,NULL),(319,'USM2B','USM219050130','Audrey Mihewi Samosir','S1 Teknik Bioproses','SMA Negeri 11 Pekanbaru','Perempuan',0,0,NULL,NULL),(320,'USM2B','USM219070025','Niegle Florencia Sirait','S1 Teknik Bioproses','SMA Santo Thomas 2 Medan','Perempuan',0,0,NULL,NULL),(321,'USM3A','USM319030123','Dian Permatasari Sitanggang','DIII Teknik Informatika','SMA Negeri 2 Pematang Siantar','Perempuan',0,0,NULL,NULL),(322,'USM3A','USM319030167','Artha Sri Rosari Saragih','DIII Teknik Informatika','SMA Swasta Budi Mulia Pematang Siantar','Perempuan',0,0,NULL,NULL),(323,'USM3A','USM319030204','Irma Gracia Siagian','DIII Teknik Informatika','SMA Negeri 1 Laguboti','Perempuan',0,0,NULL,NULL),(324,'USM3A','USM319010009','Radema Panjaitan','DIII Teknik Komputer','SMA Negeri 1 Silaen','Perempuan',0,0,NULL,NULL),(325,'USM3A','USM319010037','Angelia Sondang Simanjuntak','DIII Teknik Komputer','SMA Negeri 1 Balige','Perempuan',0,0,NULL,NULL),(326,'USM3A','USM319030155','Putri Octavia Sitompul','DIII Teknik Komputer','SMA Negeri 2 Pematangsiantar','Perempuan',0,0,NULL,NULL),(327,'USM3A','USM319020009','Roel Johanes Tambunan','DIV Teknik Informatika','SMA Swasta Santo Thomas 1 Medan','Laki-laki',0,0,NULL,NULL),(328,'USM3A','USM319030003','Agus Rokyanto S','DIV Teknik Informatika','SMA Negeri 2 Kisaran','Laki-laki',0,0,NULL,NULL),(329,'USM3A','USM319030048','Jerry Andrianto Pangaribuan','DIV Teknik Informatika','SMA Negeri 2 Bandar','Laki-laki',0,0,NULL,NULL),(330,'USM3A','USM319030061','Gahasa Timothius B.P. Purba','DIV Teknik Informatika','SMA Swasta Budi Mulia Pematang Siantar','Laki-laki',0,0,NULL,NULL),(331,'USM3A','USM319030101','Cyntia Evelin Simamora','DIV Teknik Informatika','SMA Negeri 12 Medan','Perempuan',0,0,NULL,NULL),(332,'USM3A','USM319030142','Ervina Sipahutar','DIV Teknik Informatika','SMA Negeri 2 Balige','Perempuan',0,0,NULL,NULL),(333,'USM3A','USM319030181','Daniel Pangihutan Naibaho','DIV Teknik Informatika','SMA Negeri 1 Pangururan','Laki-laki',0,0,NULL,NULL),(334,'USM3A','USM319020015','Tamara Octavia Sinaga','S1 Teknik Informatika','SMA Negeri 5 Medan','Perempuan',0,0,NULL,NULL),(335,'USM3A','USM319030053','Jessica Rebecca Pamelia Manalu','S1 Teknik Informatika','SMA Swasta Santo Thomas 1 Medan','Perempuan',0,0,NULL,NULL),(336,'USM3A','USM319030088','Amanda Baganding Naibaho','S1 Teknik Informatika','SMA Swasta Methodist 2 Medan','Laki-laki',0,0,NULL,NULL),(337,'USM3A','USM319030153','Jessy Catharine Octaviani Silalahi','S1 Teknik Informatika','SMA Swasta Kristen Kalam Kudus Pematang Siantar','Perempuan',0,0,NULL,NULL),(338,'USM3A','USM319010005','Paulus M.L.P Tambunan','S1 Sistem Informasi','SMA Negeri 12 Medan','Laki-laki',0,0,NULL,NULL),(339,'USM3A','USM319030055','Natalia Ervinna Pakpahan','S1 Sistem Informasi','SMA Swasta Bintang Timur Pematangsiantar','Perempuan',0,0,NULL,NULL),(340,'USM3A','USM319030080','Pabertoni Panjaitan','S1 Sistem Informasi','SMA Negeri 5 Medan','Laki-laki',0,0,NULL,NULL),(341,'USM3A','USM319030169','Agnes Abigael Hutauruk','S1 Sistem Informasi','SMA N 1 Sidikalang','Perempuan',0,0,NULL,NULL),(342,'USM3A','USM319020005','Herry John Peter','S1 Teknik Elektro','SMA Negeri 10 Jakarta','Laki-laki',0,0,NULL,NULL),(343,'USM3A','USM319030128','Angela Grace Gitarana Doloksaribu','S1 Teknik Elektro','SMA Santa Maria Pekanbaru','Perempuan',0,0,NULL,NULL),(344,'USM3A','USM319010012','Minar Silitonga','S1 Manajemen Rekayasa','SMA Negeri 1 Laguboti','Perempuan',0,0,NULL,NULL),(345,'USM3A','USM319010013','Dian Relita Sibarani','S1 Manajemen Rekayasa','SMA Negeri 1 Laguboti','Perempuan',0,0,NULL,NULL),(346,'USM3A','USM319030078','Natasya Romauli Silitonga','S1 Manajemen Rekayasa','SMA Negeri 4 Kisaran','Perempuan',0,0,NULL,NULL),(347,'USM3A','USM319030131','Ruth Indah Valentine Pasaribu','S1 Manajemen Rekayasa','SMA Swasta Budi Mulia Pematangsiantar','Perempuan',0,0,NULL,NULL),(348,'USM3A','USM219050076','Clarita butar butar','DIV Teknik Informatika','SMA Negeri 1 Tanjung Morawa','Perempuan',0,0,NULL,NULL),(349,'USM3B','USM319050063','Lucy Patrecia Butar-Butar','DIII Teknik Informatika','SMA Negeri 5 Medan','Perempuan',0,0,NULL,NULL),(350,'USM3B','USM319050081','Vicktor Lambok Desrony','DIII Teknik Informatika','SMA Negeri 4 Pematangsiantar','Laki-laki',0,0,NULL,NULL),(351,'USM3B','USM319050091','Joshua Ryandafres Pangaribuan','DIII Teknik Informatika','SMA Swasta Bintang Timur Pematangsiantar','Laki-laki',0,0,NULL,NULL),(352,'USM3B','USM319050101','Aprilia Lestari Naibaho','DIII Teknik Informatika','SMK Swasta Telkom Sandhy Putra Medan','Perempuan',0,0,NULL,NULL),(353,'USM3B','USM319050117','Anita Lasmaria Siagian','DIII Teknik Informatika','SMA Negeri 2 Balige','Perempuan',0,0,NULL,NULL),(354,'USM3B','USM319050153','Sofhia Christie Tambun','DIII Teknik Informatika','SMA Negeri 1 Pematangsiantar','Perempuan',0,0,NULL,NULL),(355,'USM3B','USM319070022','Samuel Panuturi Silaban','DIII Teknik Informatika','SMA Negeri 3 Tarutung','Laki-laki',0,0,NULL,NULL),(356,'UTBK','UTBK','Cyntia Selvanda Panggabean','DIII Teknik Informatika','SMA Negeri 12 Medan','Perempuan',0,0,NULL,NULL),(357,'UTBK','UTBK','Evita Silaen','DIII Teknik Komputer','SMA Negeri 1 Balige','Perempuan',0,0,NULL,NULL),(358,'USM3B','USM319050032','Martuani Sitohang','DIV Teknik Informatika','SMA Negeri 1 Sibolga','Laki-laki',0,0,NULL,NULL),(359,'USM3B','USM319050053','Zico Andreas Aritonang','DIV Teknik Informatika','SMA Swasta Methodist Pematangsiantar','Laki-laki',0,0,NULL,NULL),(360,'USM3B','USM319050064','Michael Joseph Christian Situmorang','DIV Teknik Informatika','SMA Negeri 2 Balige','Laki-laki',0,0,NULL,NULL),(361,'USM3B','USM319050102','Oriza Sitanggang','DIV Teknik Informatika','SMA Negeri 1 Dolok Panribuan','Perempuan',0,0,NULL,NULL),(362,'USM3B','USM319050144','Geby Widyawati Putri Lumban Gaol','DIV Teknik Informatika','SMA Swasta Budi Mulia Pematangsiantar','Perempuan',0,0,NULL,NULL),(363,'USM3B','USM319050149','Hepniwer Nur Aisah Purba','DIV Teknik Informatika','SMA Swasta Budi Mulia Pematangsiantar','Perempuan',0,0,NULL,NULL),(364,'USM3B','USM319070011','Mario Wira Pratama Purba','DIV Teknik Informatika','SMA Swasta Methodist 3 Medan','Laki-laki',0,0,NULL,NULL),(365,'UTBK','UTBK','Dwiky Febrian Nahottua Sitorus','DIV Teknik Informatika','SMA Negeri 2 Balige ','Laki-laki',0,0,NULL,NULL),(366,'UTBK','UTBK','John Ryan Siallagan','DIV Teknik Informatika','SMA Swasta Katolik Budi Murni 3','Laki-laki',0,0,NULL,NULL),(367,'UTBK','UTBK','Andree Panjaitan','DIV Teknik Informatika','SMA Negeri 1 Laguboti','Laki-laki',0,0,NULL,NULL),(368,'USM3B','USM319030176','Albet Matthew Best Nainggolan','S1 Teknik Informatika','SMA Negeri 5 Batam','Laki-laki',0,0,NULL,NULL),(369,'USM3B','USM319050026','Prawita Dwi Friskila','S1 Teknik Informatika','SMA Negeri 3 Medan','Perempuan',0,0,NULL,NULL),(370,'USM3B','USM319050030','Edrei Abiel Benaya Siregar','S1 Teknik Informatika','SMA Negeri 1 Percut Sei Tuan','Laki-laki',0,0,NULL,NULL),(371,'USM3B','USM319050034','Tasya Juli Chantika Gurning','S1 Teknik Informatika','SMA Negeri 1 Kisaran','Perempuan',0,0,NULL,NULL),(372,'USM3B','USM319050035','Elisa Claudia Tinambunan','S1 Teknik Informatika','SMA Negeri 1 Plus Matauli Pandan','Perempuan',0,0,NULL,NULL),(373,'USM3B','USM319050046','Rens Junior Sibarani','S1 Teknik Informatika','SMA Swasta Methodist Pematangsiantar','Laki-laki',0,0,NULL,NULL),(374,'USM3B','USM319050108','Cynthia Veronika Pardede','S1 Teknik Informatika','SMA Negeri 2 Lintongnihuta','Perempuan',0,0,NULL,NULL),(375,'USM3B','USM319050140','Daniel Fernandez Lumbanraja','S1 Teknik Informatika','SMA Negeri 3 Rantau Utara','Laki-laki',0,0,NULL,NULL),(376,'USM3B','USM319070008','Handy Sonflow Sitepu','S1 Teknik Informatika','SMA Negeri 1 Kabanjahe','Laki-laki',0,0,NULL,NULL),(377,'USM3B','USM319060021','Risky Junior Martua Panggabean','S1 Teknik Informatika','SMA Swasta Bintang Timur P.Siantar','Laki-laki',0,0,NULL,NULL),(378,'USM3B','USM319050066','Raynaldo Monang Tua Silalahi','S1 Sistem Informasi','SMA Swasta Santo Thomas 1 Medan','Laki-laki',0,0,NULL,NULL),(379,'USM3B','USM319050071','Yoshua Marganda Alexander Silitonga','S1 Sistem Informasi','SMA Negeri 4 Medan','Laki-laki',0,0,NULL,NULL),(380,'USM3B','USM319050125','Delpia Yesica Marpaung','S1 Sistem Informasi','SMA Swasta Bintang Timur Balige ','Perempuan',0,0,NULL,NULL),(381,'USM3B','USM319050129','Christy Paulina Sihombing','S1 Sistem Informasi','SMA Negeri 4 Pematangsiantar ','Perempuan',0,0,NULL,NULL),(382,'USM3B','USM319050136','Marwani Claudia N','S1 Sistem Informasi','SMA Swasta Budi Mulia Pematangsiantar','Perempuan',0,0,NULL,NULL),(383,'USM3B','USM319050158','Triagus Abdi Simanjuntak','S1 Sistem Informasi','SMA Negeri 2 Balige','Laki-laki',0,0,NULL,NULL),(384,'USM3B','USM319070010','Anugerah Salomo Rafael Simanjuntak','S1 Sistem Informasi','SMA Swasta Santo Thomas 1 Medan','Laki-laki',0,0,NULL,NULL),(385,'UTBK','UTBK','Abel Maylio Yosevino Tampubolon','S1 Sistem Informasi','SMA Negeri 2 Balige','Laki-laki',0,0,NULL,NULL),(386,'UTBK','UTBK','Ardika Solagratia Sianturi','S1 Sistem Informasi','SMA Swasta St. Thomas 1 Medan','Laki-laki',0,0,NULL,NULL),(387,'USM3B','USM319050003','Septian G. Siallagan','S1 Teknik Elektro','SMA Negeri 2 Pematangsiantar','Laki-laki',0,0,NULL,NULL),(388,'USM3B','USM319050088','Derry Pagiel Limbong ','S1 Teknik Elektro','SMA Swasta Santa Maria Pekanbaru','Laki-laki',0,0,NULL,NULL),(389,'USM3B','USM319050113','Yonatan Ranto Tambunan','S1 Teknik Elektro','SMA Swasta Bintang Timur Balige ','Laki-laki',0,0,NULL,NULL),(390,'UTBK','UTBK','Gabriella Sinaga','S1 Teknik Elektro','SMA Swasta St. Thomas 1 Medan','Perempuan',0,0,NULL,NULL),(391,'UTBK','UTBK','Rini Oktavia Silalahi','S1 Manajemen Rekayasa','SMAN 1 Medan ','Perempuan',0,0,NULL,NULL),(392,'USM3B','USM319070005','Cherolin Cindy Juwita P Butar - Butar','S1 Manajemen Rekayasa','SMA Negeri 5 Medan','Perempuan',0,0,NULL,NULL),(393,'UTBK','UTBK','Petrus Marcelino Hamonangan Tampubolon','S1 Teknik Bioproses','SMA Negeri 2 Balige','Laki-laki',0,0,NULL,NULL),(394,'UTBK','UTBK','Ruth Theresia Br. Silitonga','S1 Teknik Bioproses','SMA Swasta RK Budi Mulia P.Siantar','Perempuan',0,0,NULL,NULL),(395,'UTBK','UTBK','Sumy Ester Hutasoit','S1 Teknik Bioproses','SMA Negeri 1 Siborongborong','Perempuan',0,0,NULL,NULL),(396,'UTBK','UTBK','Fitriyanti Eka Putri Aruan','S1 Teknik Bioproses','SMAN 4 Kab Tanggerang','Perempuan',0,0,NULL,NULL),(397,'USM3B','USM319050119','Evy E Simanjuntak','S1 Teknik Bioproses','SMA Negeri 2 Lintongnihuta','Perempuan',0,0,NULL,NULL),(398,'USM3B','USM319070019','Yehezkiel Felias','S1 Teknik Bioproses','SMA Swasta Sutomo 2 Medan','Laki-laki',0,0,NULL,NULL),(399,'USM3B','USM319060005','Marisa R.A Panjaitan','S1 Teknik Bioproses','SMA Swasta Methodist P.Siantar','Perempuan',0,0,NULL,NULL),(400,'USM3B','USM319070020','Siska Tampubolon','S1 Teknik Bioproses','SMA Negeri 1 Tanah Jawa','Perempuan',0,0,NULL,NULL);

/*!40101 SET SQL_MODE=@OLD_SQL_MODE */;
/*!40014 SET FOREIGN_KEY_CHECKS=@OLD_FOREIGN_KEY_CHECKS */;
/*!40014 SET UNIQUE_CHECKS=@OLD_UNIQUE_CHECKS */;
/*!40111 SET SQL_NOTES=@OLD_SQL_NOTES */;
